{
    "loss": 0.41041338443756104,
    "accuracy": 0.9482758641242981
}